INSERT INTO prof
(id_prof,nom_prof,prenom_prof,age,sexe,adr_prof,adr_mail_prof,num_tel)
VALUES (107000,'Torres','Lautaro',55,'M','183 avenue francois cuzin','torres@gmail.com',0759230942);

INSERT INTO prof
(id_prof,nom_prof,prenom_prof,age,sexe,adr_prof,adr_mail_prof,num_tel)
VALUES (107001,'Perez Verdu','Flor',43,'F','369 Corniche littoral Frédéric Mistral','PVerdu@gmail.com',0639528507);

INSERT INTO prof
(id_prof,nom_prof,prenom_prof,age,sexe,adr_prof,adr_mail_prof,num_tel)
VALUES (107002,'Gimel','Marie Jose',70,'F','96 Rue de Verdun','Gimel@gmail.com',729435698);

INSERT INTO prof
(id_prof,nom_prof,prenom_prof,age,sexe,adr_prof,adr_mail_prof,num_tel)
VALUES (107003,'Bellugue','Alexandre',51,'M','89 Rue Frédéric Chopin','Bellugue@gmail.com',0658294356);

INSERT INTO prof
(id_prof,nom_prof,prenom_prof,age,sexe,adr_prof,adr_mail_prof,num_tel)
VALUES (107004,'Michot','Stephane',49,'M','70 rue Adolphe Wurtz','Michot@outlook.com',0639528507);

INSERT INTO prof
(id_prof,nom_prof,prenom_prof,age,sexe,adr_prof,adr_mail_prof,num_tel)
VALUES (107005,'Gopayo','Fabienne',35,'F',' 66 Chemin des Bateliers','Fabiennegopayo@gmail.com',0417491048);

INSERT INTO prof
(id_prof,nom_prof,prenom_prof,age,sexe,adr_prof,adr_mail_prof,num_tel)
VALUES (107006,'Capot','Alex',43,'M','59 Chemin des Bateliers','Capot@gmail.com',0449339731);

INSERT INTO prof
(id_prof,nom_prof,prenom_prof,age,sexe,adr_prof,adr_mail_prof,num_tel)
VALUES (107007,'Constantino','Ida',69,'F','36 avenue Jean Portalis','idaskuola@gmail.com',0158188222);

INSERT INTO prof
(id_prof,nom_prof,prenom_prof,age,sexe,adr_prof,adr_mail_prof,num_tel)
VALUES (107008,'Jimenez','Isabelle',65,'F','7 rue des Soeurs','Jimenez.h@outlook.com',0496328463);

INSERT INTO prof
(id_prof,nom_prof,prenom_prof,age,sexe,adr_prof,adr_mail_prof,num_tel)
VALUES (107009,'Chergui','Julien',45,'M','2 boulevard Bryas','Chergui3213@gmail.com',0158188222);

INSERT INTO prof
(id_prof,nom_prof,prenom_prof,age,sexe,adr_prof,adr_mail_prof,num_tel)
VALUES (107010,'Fontaine','Jeremy',27,'M','15 rue de Geneve','Fontainejeremy@outlook.com',0324402238);

INSERT INTO prof
(id_prof,nom_prof,prenom_prof,age,sexe,adr_prof,adr_mail_prof,num_tel)
VALUES (107011,'Armesto','Aldo',68,'M','31 rue du Président Roosevelt','Aldoarm@gmail.com',0624973880);

INSERT INTO prof
(id_prof,nom_prof,prenom_prof,age,sexe,adr_prof,adr_mail_prof,num_tel)
VALUES (107012, 'Roberto', 'Gilles', 52, 'M', '14 rue Fréderic Joselin', 'robertoto@gmail.com', 0652345562);

INSERT INTO prof
(id_prof,nom_prof,prenom_prof,age,sexe,adr_prof,adr_mail_prof,num_tel)
VALUES (107013, 'Louvet', 'Didier', 68, 'M', '165 av de Montferrat', 'peaceandlouvet@yahoo.fr', 0684129669);




INSERT INTO parents
(id_parents,nom_p,prenom_p,age,sexe,adr_p,adr_mail,n_tel)
VALUES (2341,'Messi','Papadio',55,'M','539, boulevard Collin','messidio@gmail.com',0759230942);

INSERT INTO parents
(id_parents,nom_p,prenom_p,age,sexe,adr_p,adr_mail,n_tel)
VALUES (2342,'Ronaldo','Ana',47,'F','5 avenue Marie Navarro','ronaldosiuuuu@gmail.com',0745642351);

INSERT INTO parents
(id_parents,nom_p,prenom_p,age,sexe,adr_p,adr_mail,n_tel)
VALUES (2343,'Bergamin','Cesar',49,'M','6 chemin de Berthelot','bergcesar@gmail.com',0759286342);

INSERT INTO parents
(id_parents,nom_p,prenom_p,age,sexe,adr_p,adr_mail,n_tel)
VALUES (2344,'Springer','Francisco',56,'M','68 rue Madeleine Jourdan','sfran@gmail.com',0759223452);

INSERT INTO parents
(id_parents,nom_p,prenom_p,age,sexe,adr_p,adr_mail,n_tel)
VALUES (2345,'Lecomte','Alex',49,'M','1691 boulevard Vallet','Lecomtelex@gmail.com',0759230947);

INSERT INTO parents
(id_parents,nom_p,prenom_p,age,sexe,adr_p,adr_mail,n_tel)
VALUES (2346,'Suyen','Elon',45,'M','12 boulevard Collin','doctsuyen@gmail.com',0759237632);

INSERT INTO parents
(id_parents,nom_p,prenom_p,age,sexe,adr_p,adr_mail,n_tel)
VALUES (2347,'Quagmire','Ana',47,'F','50 rue Bonneterie','ronaldosiuuuu@gmail.com',0759299872);

INSERT INTO parents
(id_parents,nom_p,prenom_p,age,sexe,adr_p,adr_mail,n_tel)
VALUES (2348,'Sire Hernandez','Cesar',69,'M','76 chemin de Berthelot','bergcesar@gmail.com',0759230552);

INSERT INTO parents
(id_parents,nom_p,prenom_p,age,sexe,adr_p,adr_mail,n_tel)
VALUES (2349,'Allio','Adolph',41,'M','23 rue Hugo Jourdan','adolphallio@gmail.com',07592305422);

INSERT INTO parents
(id_parents,nom_p,prenom_p,age,sexe,adr_p,adr_mail,n_tel)
VALUES (2350,'Meurine','Alexandre',47,'M','16 boulevard Vallet','alexmeurine@gmail.com',0754230942);

INSERT INTO parents
(id_parents,nom_p,prenom_p,age,sexe,adr_p,adr_mail,n_tel)
VALUES (2351,'Omran','Harry',53,'M','53 boulevard Collin','harryom@gmail.com',0759233442);

INSERT INTO parents
(id_parents,nom_p,prenom_p,age,sexe,adr_p,adr_mail,n_tel)
VALUES (2352,'Vazquez','Nathalie',47,'F','53 avenue Marie Navarro','nathvaz@gmail.com',0745642351);

INSERT INTO parents
(id_parents,nom_p,prenom_p,age,sexe,adr_p,adr_mail,n_tel)
VALUES (2353,'Magni','Peter',45,'M','6 avenue de Berthelot','magpet@gmail.com',0759286342);

INSERT INTO parents
(id_parents,nom_p,prenom_p,age,sexe,adr_p,adr_mail,n_tel)
VALUES (2354,'Dippe','Franco',60,'M','68 avenue Jourdan','defranco@gmail.com',0759223452);

INSERT INTO parents
(id_parents,nom_p,prenom_p,age,sexe,adr_p,adr_mail,n_tel)
VALUES (2355,'Agredo','Gabriel',44,'M','1 boulevard Vallet','gaboag@gmail.com',0759230947);

INSERT INTO parents
(id_parents,nom_p,prenom_p,age,sexe,adr_p,adr_mail,n_tel)
VALUES (2356,'Lopez','Maria Gabriela',45,'F','12 avenue de lart ','marigabz@gmail.com',0759456632);

INSERT INTO parents
(id_parents,nom_p,prenom_p,age,sexe,adr_p,adr_mail,n_tel)
VALUES (2357,'Erskine','Michelle',44,'F','50 avenue Bonneterie','michi@gmail.com',0752299872);

INSERT INTO parents
(id_parents,nom_p,prenom_p,age,sexe,adr_p,adr_mail,n_tel)
VALUES (2358,'Rouge','Cesar',46,'M','6 chemin de Berthelot','bergcesar@gmail.com',0759230552);

INSERT INTO parents
(id_parents,nom_p,prenom_p,age,sexe,adr_p,adr_mail,n_tel)
VALUES (2359,'Capot','Adolph',41,'M','23 rue Hugo Jourdan','adolphallio@gmail.com',07592305422);

INSERT INTO parents
(id_parents,nom_p,prenom_p,age,sexe,adr_p,adr_mail,n_tel)
VALUES (2360,'Zabala','Alexandre',47,'M','16 boulevard Vallet','alexmeurine@gmail.com',0754230942);

INSERT INTO parents
(id_parents,nom_p,prenom_p,age,sexe,adr_p,adr_mail,n_tel)
VALUES (2361,'Galvez','Francisco',56,'M','68 rue Madeleine Jourdan','sfran@gmail.com',0759223452);

INSERT INTO parents
(id_parents,nom_p,prenom_p,age,sexe,adr_p,adr_mail,n_tel)
VALUES (2362,'Gonzales','Alex',49,'M','123 boulevard Vallet','elex@gmail.com',0759230947);

INSERT INTO parents
(id_parents,nom_p,prenom_p,age,sexe,adr_p,adr_mail,n_tel)
VALUES (2363,'Cayama','Elon',45,'M','12 boulevard Collin','doctsuyen@gmail.com',0759237632);

INSERT INTO parents
(id_parents,nom_p,prenom_p,age,sexe,adr_p,adr_mail,n_tel)
VALUES (2364,'Stepke','Ana',47,'F','50 rue Bonneterie','ronaldosiuuuu@gmail.com',0759299872);

INSERT INTO parents
(id_parents,nom_p,prenom_p,age,sexe,adr_p,adr_mail,n_tel)
VALUES (2365,'Maillet','Cesar',69,'M','6 chemin de Berthelot','bergcesar@gmail.com',0759230552);

INSERT INTO parents
(id_parents,nom_p,prenom_p,age,sexe,adr_p,adr_mail,n_tel)
VALUES (2366,'Kulig','Adolph',41,'M','23 rue Hugo Jourdan','adolphallio@gmail.com',07592305422);

INSERT INTO parents
(id_parents,nom_p,prenom_p,age,sexe,adr_p,adr_mail,n_tel)
VALUES (2367,'Chassot','Alexandre',47,'M','16 boulevard Vallet','chass@gmail.com',0754230942);











INSERT INTO classe VALUES (601, 107000);
INSERT INTO classe VALUES (602, 107001);


INSERT INTO classe VALUES (501, 107002);
INSERT INTO classe VALUES (502, 107003);


INSERT INTO classe VALUES (401, 107004);
INSERT INTO classe VALUES (402, 107005);


INSERT INTO classe VALUES (301, 107006);
INSERT INTO classe VALUES (302, 107007);


INSERT INTO classe VALUES (201, 107008);
INSERT INTO classe VALUES (202, 107009);


INSERT INTO classe VALUES (101, 107010);
INSERT INTO classe VALUES (102, 107011);


INSERT INTO classe VALUES (001, 107012);
INSERT INTO classe VALUES (002, 107013);






INSERT INTO eleve
(id_eleve, nom_e, prenom_e, adr_e, adr_mail_e, age, sexe, id_classe)
VALUES (2001, 'Lecomte', 'Jean Cristophe', '39 boulevard Amiral Courbet', 'jc@gmail.com', 15, 'M', 302);

INSERT INTO eleve
(id_eleve, nom_e, prenom_e, adr_e, adr_mail_e, age, sexe, id_classe)
VALUES (2002, 'Springer', 'Suvielh', '42 boulevard Amiral Courbet', 'smusic@gmail.com', 18, 'M', 001);

INSERT INTO eleve
(id_eleve, nom_e, prenom_e, adr_e, adr_mail_e, age, sexe, id_classe)
VALUES (2003, 'Bergamin', 'Camila', '52 rue de Strasbourg', 'camilab@gmail.com', 15, 'F', 302);

INSERT INTO eleve
(id_eleve, nom_e, prenom_e, adr_e, adr_mail_e, age, sexe, id_classe)
VALUES (2004, 'Ronaldo', 'Cristiano', '42 avenue Suiuu', 'elbich@sui.fr', 17, 'M', 001);

INSERT INTO eleve
(id_eleve, nom_e, prenom_e, adr_e, adr_mail_e, age, sexe, id_classe)
VALUES (2005, 'Messi', 'Lionel', '42 avenue Chèvre', 'messi@gmail.com', 18, 'M', 002);

INSERT INTO eleve
(id_eleve, nom_e, prenom_e, adr_e, adr_mail_e, age, sexe, id_classe)
VALUES (2006, 'Suyen', 'Nathalie', '1 rue des Chaligny', 'mywry@gmail.com', 19, 'F', 002);

INSERT INTO eleve
(id_eleve, nom_e, prenom_e, adr_e, adr_mail_e, age, sexe, id_classe)
VALUES (2007, 'Quagmire', 'Glen', '95 rue de Strasbourg', 'whoelsebut@outlook.fr', 14, 'M', 301);

INSERT INTO eleve
(id_eleve, nom_e, prenom_e, adr_e, adr_mail_e, age, sexe, id_classe)
VALUES (2008, 'Sire Hernandez', 'Tania Azahar', '69 rue de la Pompe', 'tannia@live.fr', 15, 'F', 301);

INSERT INTO eleve
(id_eleve, nom_e, prenom_e, adr_e, adr_mail_e, age, sexe, id_classe)
VALUES (2009, 'Allio', 'Pierre-Edouard', '45 avenue de Panama', 'pxtrusthking@gmail.com', 14, 'M', 401);

INSERT INTO eleve
(id_eleve, nom_e, prenom_e, adr_e, adr_mail_e, age, sexe, id_classe)
VALUES (2010, 'Allio', 'Camila', '45 avenue de Panama', 'camilityx@pixmail.fr', 14, 'F', 401);

INSERT INTO eleve
(id_eleve, nom_e, prenom_e, adr_e, adr_mail_e, age, sexe, id_classe)
VALUES (2011, 'Meurine', 'Mathis', '64 rue de la Pompe', 'mmeurine@live.fr', 14, 'M', 402);

INSERT INTO eleve
(id_eleve, nom_e, prenom_e, adr_e, adr_mail_e, age, sexe, id_classe)
VALUES (2012, 'Omran', 'Mohammed', '159 avenue Prince Salah', 'omran@gmail.eg', 15, 'M', 402);

INSERT INTO eleve
(id_eleve, nom_e, prenom_e, adr_e, adr_mail_e, age, sexe, id_classe)
VALUES (2013, 'Vazques', 'José Daniel', '13 avenue Grenouillet', 'jodavazques@gmail.com', 13, 'M', 501);

INSERT INTO eleve
(id_eleve, nom_e, prenom_e, adr_e, adr_mail_e, age, sexe, id_classe)
VALUES (2014, 'Magni', 'Massimo', '65 rue de la Pompe', 'mamagni@hotmail.com', 13, 'M', 501);

INSERT INTO eleve
(id_eleve, nom_e, prenom_e, adr_e, adr_mail_e, age, sexe, id_classe)
VALUES (2015, 'Dippe', 'Monica', '46 rue Marie de Médicis', 'momopipe@gmail.com', 14, 'F', 502);

INSERT INTO eleve
(id_eleve, nom_e, prenom_e, adr_e, adr_mail_e, age, sexe, id_classe)
VALUES (2016, 'Agredo', 'Vincent', '7 boulevard Aristide Briand', 'petescience@gmail.com', 13, 'M', 502);

INSERT INTO eleve
(id_eleve, nom_e, prenom_e, adr_e, adr_mail_e, age, sexe, id_classe)
VALUES (2017, 'Vasquez', 'Daniela', '60 rue de la Pompe', 'jdv@gmail.com', 11, 'F', 601);

INSERT INTO eleve
(id_eleve, nom_e, prenom_e, adr_e, adr_mail_e, age, sexe, id_classe)
VALUES (2018, 'Lopez', 'Alfredo', '13 rue de Laval', 'mrlopez@gmail.com', 11, 'M', 601);

INSERT INTO eleve
(id_eleve, nom_e, prenom_e, adr_e, adr_mail_e, age, sexe, id_classe)
VALUES (2019, 'Erskine', 'Natailia', '12 rue Amiral Courbet', 'nati@gmail.com', 12, 'F', 602);

INSERT INTO eleve
(id_eleve, nom_e, prenom_e, adr_e, adr_mail_e, age, sexe, id_classe)
VALUES (2020, 'Rouge', 'Maria', '2 rue Reine Elisabeth', 'mariar@hotmail.com', 12, 'F', 602);

INSERT INTO eleve
(id_eleve, nom_e, prenom_e, adr_e, adr_mail_e, age, sexe, id_classe)
VALUES (2021, 'Capot', 'Jade', '28 avenue Jules Ferry', 'jadoun@gmail.com', 16, 'F', 201);

INSERT INTO eleve
(id_eleve, nom_e, prenom_e, adr_e, adr_mail_e, age, sexe, id_classe)
VALUES (2022, 'Zabala', 'Nadim', '80 impasse de Provence', 'zabala@gmail.com', 16, 'M', 201);

INSERT INTO eleve
(id_eleve, nom_e, prenom_e, adr_e, adr_mail_e, age, sexe, id_classe)
VALUES (2023, 'Galvez', 'Pauline', '59 impasse Clovis Hugues', 'paupau@gmail.fr', 17, 'F', 202);

INSERT INTO eleve
(id_eleve, nom_e, prenom_e, adr_e, adr_mail_e, age, sexe, id_classe)
VALUES (2024, 'Gonzalez', 'Pablo', '48 rue Victor Hugo', 'pablitox@gmail.com', 16, 'M', 202);

INSERT INTO eleve
(id_eleve, nom_e, prenom_e, adr_e, adr_mail_e, age, sexe, id_classe)
VALUES (2025, 'Cayama', 'Mariana', '48 rue Ernest Renan', 'cayamaria@gmail.com', 17, 'F', 101);

INSERT INTO eleve
(id_eleve, nom_e, prenom_e, adr_e, adr_mail_e, age, sexe, id_classe)
VALUES (2026, 'Stepke', 'Oriana', '16 rue Armando Paredes', 'oristepk@outlook.fr', 17, 'F', 101);

INSERT INTO eleve
(id_eleve, nom_e, prenom_e, adr_e, adr_mail_e, age, sexe, id_classe)
VALUES (2027, 'Maillet', 'Catherine', '12 rue St Ferréol', 'cathicake@hotmail.com', 17, 'F', 102);

INSERT INTO eleve
(id_eleve, nom_e, prenom_e, adr_e, adr_mail_e, age, sexe, id_classe)
VALUES (2028, 'Kulig', 'Mya', '2 avenue des Maures', 'kuligmya@gmail.com', 18, 'F', 102);

INSERT INTO eleve
(id_eleve, nom_e, prenom_e, adr_e, adr_mail_e, age, sexe, id_classe)
VALUES (2029, 'Chassot', 'Matthieu', '1647 impasse des Chérubins', 'chassotmat@gmail.com', 18, 'M', 002);






INSERT INTO empl
(id_emp, nom_e, prenom_e, age, sexe, adr_e, adr_mail_e, n_tel, n_secu)
VALUES (33001, 'Lopez', 'Charlotte', '55', 'F', '15 rue Honoré', 'charlottelopez@gmail.com', 06352264, 1365486);

INSERT INTO empl
(id_emp, nom_e, prenom_e, age, sexe, adr_e, adr_mail_e, n_tel, n_secu)
VALUES (33002, 'Campos', 'Asdrubal', '34', 'M', '36 avenue Général Pétit', 'acampos@yahoo.fr', 06475527, 6365548);

INSERT INTO empl
(id_emp, nom_e, prenom_e, age, sexe, adr_e, adr_mail_e, n_tel, n_secu)
VALUES (33003, 'Pechon', 'Erika', '27', 'F', '52 rue de la Pompe', 'erikapechon@gmail.com', 06522644, 1366136);

INSERT INTO empl
(id_emp, nom_e, prenom_e, age, sexe, adr_e, adr_mail_e, n_tel, n_secu)
VALUES (33004, 'Diamantino', 'Maeva', '33', 'F', '165 Impasse des Chalucets', 'maevadiamantino@outlook.fr', 06529674, 1366816);

INSERT INTO empl
(id_emp, nom_e, prenom_e, age, sexe, adr_e, adr_mail_e, n_tel, n_secu)
VALUES (33005, 'Jimenez', 'Veronica', '56', 'F', '6 rue des Signes', 'veronicajimenez@live.com', 07822644, 1679536);

INSERT INTO empl
(id_emp, nom_e, prenom_e, age, sexe, adr_e, adr_mail_e, n_tel, n_secu)
VALUES (33006, 'Del Rio', 'Alex', '35', 'M', '95 avenue de Napoléon', 'delrioalex@gmail.com', 06522134, 8360136);

INSERT INTO empl
(id_emp, nom_e, prenom_e, age, sexe, adr_e, adr_mail_e, n_tel, n_secu)
VALUES (33007, 'Lefour', 'Marlène', '34', 'F', '18 avenue Saint Maxime', 'marlenelefour@yahoo.fr', 06475524, 4814548);

INSERT INTO empl
(id_emp, nom_e, prenom_e, age, sexe, adr_e, adr_mail_e, n_tel, n_secu)
VALUES (33008, 'Boushaib', 'Mouna', '45', 'F', '13 avenue de la Révolution', 'mounaboushaib@gmail.com', 06475431, 7814368);


INSERT INTO services VALUES (910, 'Vie Scolaire');
INSERT INTO services VALUES (911, 'Infiermerie');
INSERT INTO services VALUES (912, 'CDI');


INSERT INTO equipe VALUES (910, 33001);
INSERT INTO equipe VALUES (910, 33002);
INSERT INTO equipe VALUES (910, 33003);
INSERT INTO equipe VALUES (910, 33004);

INSERT INTO equipe VALUES (911, 33005);
INSERT INTO equipe VALUES (911, 33006);

INSERT INTO equipe VALUES (912, 33007);
INSERT INTO equipe VALUES (912, 33008);



INSERT INTO cours
(id_classe, id_mat1, id_mat2, id_mat3, id_mat4, id_mat5, id_mat6, id_mat7, id_mat8, id_mat9, id_mat10, id_mat11, id_mat12, id_mat13)
VALUES (601, 1501, 1502, 1503, 1504, 1505, 1506, 1507, 1508, 1509, 1510, 1511, 1512, 1513);

INSERT INTO cours
(id_classe, id_mat1, id_mat2, id_mat3, id_mat4, id_mat5, id_mat6, id_mat7, id_mat8, id_mat9, id_mat10, id_mat11, id_mat12, id_mat13)
VALUES (602, 1501, 1502, 1503, 1504, 1505, 1506, 1507, 1508, 1509, 1510, 1511, 1512, 1513);

INSERT INTO cours
(id_classe, id_mat1, id_mat2, id_mat3, id_mat4, id_mat5, id_mat6, id_mat7, id_mat8, id_mat9, id_mat10, id_mat11, id_mat12, id_mat13)
VALUES (501, 1501, 1502, 1503, 1504, 1505, 1506, 1507, 1508, 1509, 1510, 1511, 1512, 1513);

INSERT INTO cours
(id_classe, id_mat1, id_mat2, id_mat3, id_mat4, id_mat5, id_mat6, id_mat7, id_mat8, id_mat9, id_mat10, id_mat11, id_mat12, id_mat13)
VALUES (502, 1501, 1502, 1503, 1504, 1505, 1506, 1507, 1508, 1509, 1510, 1511, 1512, 1513);

INSERT INTO cours
(id_classe, id_mat1, id_mat2, id_mat3, id_mat4, id_mat5, id_mat6, id_mat7, id_mat8, id_mat9, id_mat10, id_mat11, id_mat12, id_mat13)
VALUES (401, 1501, 1502, 1503, 1504, 1505, 1506, 1507, 1508, 1509, 1510, 1511, 1512, 1513);

INSERT INTO cours
(id_classe, id_mat1, id_mat2, id_mat3, id_mat4, id_mat5, id_mat6, id_mat7, id_mat8, id_mat9, id_mat10, id_mat11, id_mat12, id_mat13)
VALUES (402, 1501, 1502, 1503, 1504, 1505, 1506, 1507, 1508, 1509, 1510, 1511, 1512, 1513);

INSERT INTO cours
(id_classe, id_mat1, id_mat2, id_mat3, id_mat4, id_mat5, id_mat6, id_mat7, id_mat8, id_mat9, id_mat10, id_mat11, id_mat12, id_mat13)
VALUES (301, 1501, 1502, 1503, 1504, 1505, 1506, 1507, 1508, 1509, 1510, 1511, 1512, 1513);

INSERT INTO cours
(id_classe, id_mat1, id_mat2, id_mat3, id_mat4, id_mat5, id_mat6, id_mat7, id_mat8, id_mat9, id_mat10, id_mat11, id_mat12, id_mat13)
VALUES (302, 1501, 1502, 1503, 1504, 1505, 1506, 1507, 1508, 1509, 1510, 1511, 1512, 1513);

INSERT INTO cours
(id_classe, id_mat1, id_mat2, id_mat3, id_mat4, id_mat5, id_mat6, id_mat7, id_mat8, id_mat9, id_mat10, id_mat11, id_mat12, id_mat13)
VALUES (201, 1501, 1502, 1503, 1504, 1505, 1506, 1507, 1508, 1509, 1510, 1511, 1512, 1513);

INSERT INTO cours
(id_classe, id_mat1, id_mat2, id_mat3, id_mat4, id_mat5, id_mat6, id_mat7, id_mat8, id_mat9, id_mat10, id_mat11, id_mat12, id_mat13)
VALUES (202, 1501, 1502, 1503, 1504, 1505, 1506, 1507, 1508, 1509, 1510, 1511, 1512, 1513);

INSERT INTO cours
(id_classe, id_mat1, id_mat2, id_mat3, id_mat4, id_mat5, id_mat6, id_mat7, id_mat8, id_mat9, id_mat10, id_mat11, id_mat12, id_mat13)
VALUES (101, 1501, 1502, 1503, 1504, 1505, 1506, 1507, 1508, 1509, 1510, 1511, 1512, 1513);

INSERT INTO cours
(id_classe, id_mat1, id_mat2, id_mat3, id_mat4, id_mat5, id_mat6, id_mat7, id_mat8, id_mat9, id_mat10, id_mat11, id_mat12, id_mat13)
VALUES (102, 1501, 1502, 1503, 1504, 1505, 1506, 1507, 1508, 1509, 1510, 1511, 1512, 1513);

INSERT INTO cours
(id_classe, id_mat1, id_mat2, id_mat3, id_mat4, id_mat5, id_mat6, id_mat7, id_mat8, id_mat9, id_mat10, id_mat11, id_mat12, id_mat13)
VALUES (001, 1501, 1502, 1503, 1504, 1505, 1506, 1507, 1508, 1509, 1510, 1511, 1512, 1513);

INSERT INTO cours
(id_classe, id_mat1, id_mat2, id_mat3, id_mat4, id_mat5, id_mat6, id_mat7, id_mat8, id_mat9, id_mat10, id_mat11, id_mat12, id_mat13)
VALUES (002, 1501, 1502, 1503, 1504, 1505, 1506, 1507, 1508, 1509, 1510, 1511, 1512, 1513);

INSERT INTO a_art
(nom_a, id_a, id_prof)
VALUES ('Musique', 1301, 107007);

INSERT INTO a_art
(nom_a, id_a, id_prof)
VALUES ('Chant', 1302, 107010);

INSERT INTO a_art
(nom_a, id_a, id_prof)
VALUES ('Théatre', 1303, 107013);

INSERT INTO a_art
(nom_a, id_a, id_prof)
VALUES ('Arts plastiques', 1304, 107008);
i

INSERT INTO a_sport
(nom_s, id_s, id_prof)
VALUES ('Football', 1201, 107009);

INSERT INTO a_sport
(nom_s, id_s, id_prof)
VALUES ('Basket', 1202, 107004);

INSERT INTO a_sport
(nom_s, id_s, id_prof)
VALUES ('Volley', 1203, 107005);

INSERT INTO a_sport
(nom_s, id_s, id_prof)
VALUES ('Tennis', 1204, 107003);

INSERT INTO matieres
(id_matiere, n_matiere, id_prof)
VALUES (1501, 'Mathématiques', 107002);

INSERT INTO matieres
(id_matiere, n_matiere, id_prof)
VALUES (1502, 'Espagnol', 107001);

INSERT INTO matieres
(id_matiere, n_matiere, id_prof)
VALUES (1503, 'Physique-Chimie', 107003);

INSERT INTO matieres
(id_matiere, n_matiere, id_prof)
VALUES (1504, 'SVT', 107004);

INSERT INTO matieres
(id_matiere, n_matiere, id_prof)
VALUES (1505, 'Anglais', 107005);

INSERT INTO matieres
(id_matiere, n_matiere, id_prof)
VALUES (1506, 'EPS', 107006);

INSERT INTO matieres
(id_matiere, n_matiere, id_prof)
VALUES (1507, 'Italien', 107007);

INSERT INTO matieres
(id_matiere, n_matiere, id_prof)
VALUES (1508, 'Histoire-Géographie', 107008);

INSERT INTO matieres
(id_matiere, n_matiere, id_prof)
VALUES (1509, 'Technologie', 107009);

INSERT INTO matieres
(id_matiere, n_matiere, id_prof)
VALUES (1510, 'Philosophie', 107010);

INSERT INTO matieres
(id_matiere, n_matiere, id_prof)
VALUES (1511, 'Allemand', 107011);

INSERT INTO matieres
(id_matiere, n_matiere, id_prof)
VALUES (1512, 'EMC', 107012);

INSERT INTO matieres
(id_matiere, n_matiere, id_prof)
VALUES (1513, 'Français', 107013);



INSERT INTO promo VALUES (69, 601);
INSERT INTO promo VALUES (69, 602);
INSERT INTO promo VALUES (68, 501);
INSERT INTO promo VALUES (68, 502);
INSERT INTO promo VALUES (67, 401);
INSERT INTO promo VALUES (67, 402);
INSERT INTO promo VALUES (66, 301);
INSERT INTO promo VALUES (66, 302);
INSERT INTO promo VALUES (65, 201);
INSERT INTO promo VALUES (65, 202);
INSERT INTO promo VALUES (64, 101);
INSERT INTO promo VALUES (64, 102);
INSERT INTO promo VALUES (63, 001);
INSERT INTO promo VALUES (63, 002);
